{"success":true,"terms":"https:\/\/currencylayer.com\/terms","privacy":"https:\/\/currencylayer.com\/privacy","timestamp":1503330849,"source":"USD","quotes":{"USDAED":3.672602,"USDAFN":68.809998,"USDALL":112.410004,"USDAMD":477.920013,"USDANG":1.782504,"USDAOA":165.095001,"USDARS":17.283956,"USDAUD":1.259404,"USDAWG":1.78,"USDAZN":1.700299,"USDBAM":1.657594,"USDBBD":2,"USDBDT":81.169998,"USDBGN":1.663025,"USDBHD":0.376699,"USDBIF":1727.040039,"USDBMD":1,"USDBND":1.360203,"USDBOB":6.891204,"USDBRL":3.142902,"USDBSD":1,"USDBTC":0.000245,"USDBTN":64.099998,"USDBWP":10.209501,"USDBYN":1.930258,"USDBYR":20020,"USDBZD":1.997699,"USDCAD":1.25831,"USDCDF":1540.640015,"USDCHF":0.96262,"USDCLF":0.02391,"USDCLP":642.249923,"USDCNY":6.662899,"USDCOP":2985.699951,"USDCRC":570.580017,"USDCUC":1,"USDCUP":26.5,"USDCVE":93.349998,"USDCZK":22.080198,"USDDJF":177.800003,"USDDKK":6.2954,"USDDOP":46.999666,"USDDZD":109.831001,"USDEGP":17.709999,"USDERN":15.290248,"USDETB":23.261801,"USDEUR":0.846197,"USDFJD":2.015054,"USDFKP":0.776034,"USDGBP":0.77501,"USDGEL":2.379501,"USDGGP":0.775059,"USDGHS":4.423501,"USDGIP":0.776203,"USDGMD":45.000124,"USDGNF":8842.000346,"USDGTQ":7.26901,"USDGYD":203.559998,"USDHKD":7.825197,"USDHNL":23.305016,"USDHRK":6.230296,"USDHTG":61.849998,"USDHUF":256.609985,"USDIDR":13348,"USDILS":3.612702,"USDIMP":0.775059,"USDINR":64.129997,"USDIQD":1166,"USDIRR":32980.000026,"USDISK":105.510002,"USDJEP":0.775059,"USDJMD":127.019997,"USDJOD":0.706799,"USDJPY":108.858002,"USDKES":102.849998,"USDKGS":68.711998,"USDKHR":4110.899902,"USDKMF":419.750458,"USDKPW":900.0003,"USDKRW":1136.439941,"USDKWD":0.3016,"USDKYD":0.820199,"USDKZT":333.209991,"USDLAK":8276.700195,"USDLBP":1505.496572,"USDLKR":153.100006,"USDLRD":114.400002,"USDLSL":13.40989,"USDLTL":3.0487,"USDLVL":0.62055,"USDLYD":1.368103,"USDMAD":9.466006,"USDMDL":17.784984,"USDMGA":3184.999628,"USDMKD":51.840032,"USDMMK":1354.000195,"USDMNT":2434.000199,"USDMOP":8.058599,"USDMRO":360.999724,"USDMUR":33.279999,"USDMVR":15.530117,"USDMWK":715.909973,"USDMXN":17.649599,"USDMYR":4.2855,"USDMZN":60.749771,"USDNAD":13.149,"USDNGN":364.899994,"USDNIO":30.251903,"USDNOK":7.89757,"USDNPR":102.199997,"USDNZD":1.364199,"USDOMR":0.384399,"USDPAB":1,"USDPEN":3.237981,"USDPGK":3.177203,"USDPHP":51.360001,"USDPKR":105.199997,"USDPLN":3.617396,"USDPYG":5569.700195,"USDQAR":3.6561,"USDRON":3.880302,"USDRSD":101.299202,"USDRUB":59.026299,"USDRWF":825.330017,"USDSAR":3.749897,"USDSBD":7.749399,"USDSCR":13.617012,"USDSDG":6.659803,"USDSEK":8.069301,"USDSGD":1.36088,"USDSHP":0.776204,"USDSLL":7499.999482,"USDSOS":559.000387,"USDSRD":7.379828,"USDSTD":20741.599609,"USDSVC":8.750154,"USDSYP":514.97998,"USDSZL":13.152005,"USDTHB":33.220001,"USDTJS":8.80895,"USDTMT":3.4,"USDTND":2.398702,"USDTOP":2.2291,"USDTRY":3.493603,"USDTTD":6.744202,"USDTWD":30.302999,"USDTZS":2232.000134,"USDUAH":25.459999,"USDUGX":3591.999626,"USDUSD":1,"USDUYU":28.639999,"USDUZS":4120.000034,"USDVEF":9.975,"USDVND":22726,"USDVUV":103.400002,"USDWST":2.515099,"USDXAF":554.690002,"USDXAG":0.058684,"USDXAU":0.000775,"USDXCD":2.707781,"USDXDR":0.709489,"USDXOF":552.640015,"USDXPF":101.370137,"USDYER":249.899994,"USDZAR":13.151501,"USDZMK":9.034982,"USDZMW":8.990516,"USDZWL":322.355011}}