{"success":true,"terms":"https:\/\/currencylayer.com\/terms","privacy":"https:\/\/currencylayer.com\/privacy","timestamp":1503056956,"source":"USD","quotes":{"USDAED":3.672603,"USDAFN":68.589996,"USDALL":113.089996,"USDAMD":477.700012,"USDANG":1.777503,"USDAOA":165.095001,"USDARS":17.318001,"USDAUD":1.262497,"USDAWG":1.78,"USDAZN":1.700304,"USDBAM":1.668099,"USDBBD":2,"USDBDT":81.050003,"USDBGN":1.672105,"USDBHD":0.377102,"USDBIF":1726.349976,"USDBMD":1,"USDBND":1.363008,"USDBOB":6.898032,"USDBRL":3.175497,"USDBSD":1,"USDBTC":0.000229,"USDBTN":64.150002,"USDBWP":10.230398,"USDBYN":1.932895,"USDBYR":20020,"USDBZD":1.9978,"USDCAD":1.264781,"USDCDF":1530.250314,"USDCHF":0.96144,"USDCLF":0.02408,"USDCLP":645.679993,"USDCNY":6.670504,"USDCOP":2990.699951,"USDCRC":570.099976,"USDCUC":1,"USDCUP":26.5,"USDCVE":93.940002,"USDCZK":22.246901,"USDDJF":178.000318,"USDDKK":6.33412,"USDDOP":46.919998,"USDDZD":109.676003,"USDEGP":17.730155,"USDERN":15.279944,"USDETB":23.257401,"USDEUR":0.851604,"USDFJD":2.015016,"USDFKP":0.775499,"USDGBP":0.77643,"USDGEL":2.378502,"USDGGP":0.776347,"USDGHS":4.403502,"USDGIP":0.775702,"USDGMD":44.999703,"USDGNF":8845.000043,"USDGTQ":7.269813,"USDGYD":204.502424,"USDHKD":7.8207,"USDHNL":23.309999,"USDHRK":6.2682,"USDHTG":61.849998,"USDHUF":258.540009,"USDIDR":13361,"USDILS":3.618903,"USDIMP":0.776347,"USDINR":64.137001,"USDIQD":1166,"USDIRR":32931.000396,"USDISK":107.349998,"USDJEP":0.776347,"USDJMD":127.150002,"USDJOD":0.707503,"USDJPY":109.092003,"USDKES":102.999734,"USDKGS":68.719002,"USDKHR":4112.999964,"USDKMF":419.809998,"USDKPW":899.999846,"USDKRW":1139.849976,"USDKWD":0.3017,"USDKYD":0.820106,"USDKZT":332.98999,"USDLAK":8268.999922,"USDLBP":1504.000182,"USDLKR":153.249895,"USDLRD":114.400002,"USDLSL":13.409825,"USDLTL":3.048703,"USDLVL":0.62055,"USDLYD":1.367401,"USDMAD":9.475499,"USDMDL":17.784947,"USDMGA":3185.000398,"USDMKD":52.169998,"USDMMK":1363.000245,"USDMNT":2439.419922,"USDMOP":8.0563,"USDMRO":360.000305,"USDMUR":34.700001,"USDMVR":15.480019,"USDMWK":715.909973,"USDMXN":17.870001,"USDMYR":4.289201,"USDMZN":60.499284,"USDNAD":13.211023,"USDNGN":364.899994,"USDNIO":30.239799,"USDNOK":7.93661,"USDNPR":102.349998,"USDNZD":1.364698,"USDOMR":0.384898,"USDPAB":1,"USDPEN":3.2405,"USDPGK":3.169598,"USDPHP":51.519933,"USDPKR":105.370003,"USDPLN":3.643962,"USDPYG":5556.99983,"USDQAR":3.641301,"USDRON":3.906299,"USDRSD":101.331001,"USDRUB":59.412998,"USDRWF":825.400024,"USDSAR":3.749897,"USDSBD":7.749404,"USDSCR":13.539033,"USDSDG":6.659798,"USDSEK":8.12349,"USDSGD":1.36365,"USDSHP":0.775706,"USDSLL":7499.999793,"USDSOS":558.999751,"USDSRD":7.380177,"USDSTD":20872.400391,"USDSVC":8.74985,"USDSYP":514.97998,"USDSZL":13.213031,"USDTHB":33.189999,"USDTJS":8.807499,"USDTMT":3.4,"USDTND":2.409599,"USDTOP":2.189838,"USDTRY":3.523029,"USDTTD":6.744302,"USDTWD":30.328971,"USDTZS":2231.999788,"USDUAH":25.459999,"USDUGX":3597.000555,"USDUSD":1,"USDUYU":28.559999,"USDUZS":4120.000315,"USDVEF":9.9745,"USDVND":22727,"USDVUV":103.800003,"USDWST":2.483197,"USDXAF":558.179993,"USDXAG":0.058077,"USDXAU":0.000772,"USDXCD":2.694503,"USDXDR":0.711461,"USDXOF":553.73999,"USDXPF":101.489827,"USDYER":249.899994,"USDZAR":13.212699,"USDZMK":9.004965,"USDZMW":8.970145,"USDZWL":322.355011}}
