{"success":true,"terms":"https:\/\/currencylayer.com\/terms","privacy":"https:\/\/currencylayer.com\/privacy","timestamp":1503525554,"source":"USD","quotes":{"USDAED":3.672601,"USDAFN":68.50636,"USDALL":112.000021,"USDAMD":478.049988,"USDANG":1.782498,"USDAOA":165.095001,"USDARS":17.208977,"USDAUD":1.264603,"USDAWG":1.78,"USDAZN":1.700399,"USDBAM":1.6586,"USDBBD":2,"USDBDT":81.010002,"USDBGN":1.657602,"USDBHD":0.376599,"USDBIF":1721,"USDBMD":1,"USDBND":1.360398,"USDBOB":6.897323,"USDBRL":3.14102,"USDBSD":0.99,"USDBTC":0.000241,"USDBTN":64.124992,"USDBWP":10.219904,"USDBYN":1.929852,"USDBYR":20020,"USDBZD":1.997801,"USDCAD":1.25515,"USDCDF":1540.999958,"USDCHF":0.96496,"USDCLF":0.02384,"USDCLP":639.900024,"USDCNY":6.656976,"USDCOP":2980,"USDCRC":571.080017,"USDCUC":1,"USDCUP":26.5,"USDCVE":93.379997,"USDCZK":22.106001,"USDDJF":177.899994,"USDDKK":6.29753,"USDDOP":47.529999,"USDDZD":109.737999,"USDEGP":17.650393,"USDERN":15.290066,"USDETB":23.200001,"USDEUR":0.8465,"USDFJD":2.024996,"USDFKP":0.780598,"USDGBP":0.781199,"USDGEL":2.384602,"USDGGP":0.781153,"USDGHS":4.433502,"USDGIP":0.780803,"USDGMD":44.900002,"USDGNF":8874.999923,"USDGTQ":7.277501,"USDGYD":204.498929,"USDHKD":7.82506,"USDHNL":23.327999,"USDHRK":6.2351,"USDHTG":61.230158,"USDHUF":256.269989,"USDIDR":13350,"USDILS":3.603901,"USDIMP":0.781153,"USDINR":64.040001,"USDIQD":1180,"USDIRR":33010.000619,"USDISK":107.000024,"USDJEP":0.781153,"USDJMD":126.790001,"USDJOD":0.706697,"USDJPY":108.973042,"USDKES":103.050003,"USDKGS":68.570999,"USDKHR":4084.999789,"USDKMF":416.600006,"USDKPW":900.000047,"USDKRW":1125.26001,"USDKWD":0.301703,"USDKYD":0.819812,"USDKZT":333.649994,"USDLAK":8299.999687,"USDLBP":1504.000323,"USDLKR":152.979996,"USDLRD":114.400002,"USDLSL":13.14958,"USDLTL":3.048704,"USDLVL":0.62055,"USDLYD":1.360101,"USDMAD":9.414005,"USDMDL":17.844999,"USDMGA":3185.000443,"USDMKD":52.040001,"USDMMK":1361.000398,"USDMNT":2429.999626,"USDMOP":8.059498,"USDMRO":360.999746,"USDMUR":33.110001,"USDMVR":15.349768,"USDMWK":721.000492,"USDMXN":17.681999,"USDMYR":4.277499,"USDMZN":59.999699,"USDNAD":13.158969,"USDNGN":361.000098,"USDNIO":29.549999,"USDNOK":7.864006,"USDNPR":102.250028,"USDNZD":1.383303,"USDOMR":0.384396,"USDPAB":1,"USDPEN":3.233505,"USDPGK":3.28399,"USDPHP":51.110001,"USDPKR":105.190002,"USDPLN":3.628397,"USDPYG":5602.999884,"USDQAR":3.669803,"USDRON":3.880802,"USDRSD":101.203201,"USDRUB":59.046001,"USDRWF":821,"USDSAR":3.750323,"USDSBD":7.7645,"USDSCR":13.61022,"USDSDG":6.659974,"USDSEK":8.05573,"USDSGD":1.359749,"USDSHP":0.780802,"USDSLL":7499.999836,"USDSOS":557.000615,"USDSRD":7.369539,"USDSTD":20748.599609,"USDSVC":8.750437,"USDSYP":514.97998,"USDSZL":13.157032,"USDTHB":33.320034,"USDTJS":8.807499,"USDTMT":3.4,"USDTND":2.441198,"USDTOP":2.2158,"USDTRY":3.479801,"USDTTD":6.7547,"USDTWD":30.268999,"USDTZS":2231.000349,"USDUAH":25.519855,"USDUGX":3592.000494,"USDUSD":1,"USDUYU":28.659981,"USDUZS":4165.000279,"USDVEF":9.969964,"USDVND":22720,"USDVUV":102.800003,"USDWST":2.512004,"USDXAF":554.98999,"USDXAG":0.058497,"USDXAU":0.000775,"USDXCD":2.70406,"USDXDR":0.709413,"USDXOF":549.340027,"USDXPF":101.449705,"USDYER":249.749607,"USDZAR":13.152901,"USDZMK":9001.191011,"USDZMW":8.989848,"USDZWL":322.355011}}