{"success":true,"terms":"https:\/\/currencylayer.com\/terms","privacy":"https:\/\/currencylayer.com\/privacy","timestamp":1503575111,"source":"USD","quotes":{"USDAED":3.672597,"USDAFN":68.519997,"USDALL":112.000399,"USDAMD":478.049988,"USDANG":1.777499,"USDAOA":165.095001,"USDARS":17.209017,"USDAUD":1.265979,"USDAWG":1.78,"USDAZN":1.700401,"USDBAM":1.659598,"USDBBD":2,"USDBDT":80.900002,"USDBGN":1.657603,"USDBHD":0.3769,"USDBIF":1727.680054,"USDBMD":1,"USDBND":1.360798,"USDBOB":6.908254,"USDBRL":3.140399,"USDBSD":1,"USDBTC":0.000236,"USDBTN":64.099998,"USDBWP":10.1991,"USDBYN":1.926901,"USDBYR":20020,"USDBZD":1.997799,"USDCAD":1.25294,"USDCDF":1542.501561,"USDCHF":0.96443,"USDCLF":0.02384,"USDCLP":638.499466,"USDCNY":6.660399,"USDCOP":2978.800049,"USDCRC":571.650024,"USDCUC":1,"USDCUP":26.5,"USDCVE":93.430218,"USDCZK":22.108199,"USDDJF":177.999772,"USDDKK":6.30218,"USDDOP":46.930265,"USDDZD":109.683998,"USDEGP":17.650155,"USDERN":15.290236,"USDETB":23.200001,"USDEUR":0.8471,"USDFJD":2.025037,"USDFKP":0.781499,"USDGBP":0.78005,"USDGEL":2.384602,"USDGGP":0.780068,"USDGHS":4.433504,"USDGIP":0.7817,"USDGMD":44.900002,"USDGNF":8837.999658,"USDGTQ":7.277503,"USDGYD":204.50286,"USDHKD":7.825898,"USDHNL":23.327999,"USDHRK":6.246026,"USDHTG":61.229715,"USDHUF":256.929993,"USDIDR":13340,"USDILS":3.597796,"USDIMP":0.780068,"USDINR":64.040001,"USDIQD":1166,"USDIRR":33074.999627,"USDISK":106.999464,"USDJEP":0.780068,"USDJMD":127.389999,"USDJOD":0.707499,"USDJPY":109.384003,"USDKES":102.999873,"USDKGS":68.525002,"USDKHR":4029.999741,"USDKMF":417.779999,"USDKPW":899.999911,"USDKRW":1125.839966,"USDKWD":0.301601,"USDKYD":0.820406,"USDKZT":330.839996,"USDLAK":8270.000273,"USDLBP":1505.400024,"USDLKR":152.999551,"USDLRD":114.498985,"USDLSL":13.150408,"USDLTL":3.048698,"USDLVL":0.62055,"USDLYD":1.3684,"USDMAD":9.445903,"USDMDL":17.854963,"USDMGA":3184.999948,"USDMKD":51.889999,"USDMMK":1350.000266,"USDMNT":2435.080078,"USDMOP":8.0602,"USDMRO":360.999885,"USDMUR":33.000104,"USDMVR":15.350375,"USDMWK":716.059998,"USDMXN":17.664301,"USDMYR":4.270498,"USDMZN":60.599998,"USDNAD":13.206979,"USDNGN":361.000275,"USDNIO":30.264019,"USDNOK":7.84599,"USDNPR":102.249737,"USDNZD":1.385104,"USDOMR":0.384797,"USDPAB":1,"USDPEN":3.235502,"USDPGK":3.169597,"USDPHP":51.020221,"USDPKR":105.400002,"USDPLN":3.619897,"USDPYG":5602.999889,"USDQAR":3.641299,"USDRON":3.880898,"USDRSD":100.828201,"USDRUB":59.117986,"USDRWF":825.719971,"USDSAR":3.749903,"USDSBD":7.764496,"USDSCR":13.508007,"USDSDG":6.666702,"USDSEK":8.069504,"USDSGD":1.36138,"USDSHP":0.781704,"USDSLL":7499.999918,"USDSOS":557.000223,"USDSRD":7.370189,"USDSTD":20760.900391,"USDSVC":8.749867,"USDSYP":514.97998,"USDSZL":13.206971,"USDTHB":33.330002,"USDTJS":8.806027,"USDTMT":3.4,"USDTND":2.442403,"USDTOP":2.238102,"USDTRY":3.481201,"USDTTD":6.753499,"USDTWD":30.235001,"USDTZS":2231.99972,"USDUAH":25.520169,"USDUGX":3592.000288,"USDUSD":1,"USDUYU":28.65972,"USDUZS":4165.000239,"USDVEF":9.974981,"USDVND":22737,"USDVUV":103.720001,"USDWST":2.483199,"USDXAF":555.340027,"USDXAG":0.059051,"USDXAU":0.000777,"USDXCD":2.697829,"USDXDR":0.709413,"USDXOF":549.340027,"USDXPF":101.139758,"USDYER":249.949997,"USDZAR":13.207401,"USDZMK":9001.203014,"USDZMW":8.939904,"USDZWL":322.355011}}