{"success":true,"terms":"https:\/\/currencylayer.com\/terms","privacy":"https:\/\/currencylayer.com\/privacy","timestamp":1503327553,"source":"USD","quotes":{"USDAED":3.672596,"USDAFN":68.809998,"USDALL":112.410004,"USDAMD":477.920013,"USDANG":1.782496,"USDAOA":165.095001,"USDARS":17.283991,"USDAUD":1.259099,"USDAWG":1.78,"USDAZN":1.700299,"USDBAM":1.657602,"USDBBD":2,"USDBDT":81.169998,"USDBGN":1.662996,"USDBHD":0.376697,"USDBIF":1727.040039,"USDBMD":1,"USDBND":1.360103,"USDBOB":6.902149,"USDBRL":3.144104,"USDBSD":1,"USDBTC":0.000245,"USDBTN":64.099998,"USDBWP":10.209499,"USDBYN":1.930088,"USDBYR":20020,"USDBZD":1.997702,"USDCAD":1.25864,"USDCDF":1540.640015,"USDCHF":0.96043,"USDCLF":0.02387,"USDCLP":641.349976,"USDCNY":6.662898,"USDCOP":2985.699951,"USDCRC":570.580017,"USDCUC":1,"USDCUP":26.5,"USDCVE":93.309998,"USDCZK":22.072982,"USDDJF":177.800003,"USDDKK":6.29358,"USDDOP":47.00034,"USDDZD":109.820454,"USDEGP":17.709999,"USDERN":15.289835,"USDETB":23.261801,"USDEUR":0.846005,"USDFJD":2.015024,"USDFKP":0.776054,"USDGBP":0.77488,"USDGEL":2.379499,"USDGGP":0.774605,"USDGHS":4.409397,"USDGIP":0.776203,"USDGMD":44.99975,"USDGNF":8842.000356,"USDGTQ":7.269008,"USDGYD":203.559998,"USDHKD":7.82477,"USDHNL":23.305007,"USDHRK":6.2305,"USDHTG":61.849998,"USDHUF":256.579987,"USDIDR":13348,"USDILS":3.613404,"USDIMP":0.774605,"USDINR":64.150002,"USDIQD":1166,"USDIRR":32979.999369,"USDISK":105.510002,"USDJEP":0.774605,"USDJMD":127.019997,"USDJOD":0.706804,"USDJPY":108.757004,"USDKES":102.849998,"USDKGS":68.711998,"USDKHR":4110.899902,"USDKMF":419.750399,"USDKPW":899.999504,"USDKRW":1136.920044,"USDKWD":0.301604,"USDKYD":0.819986,"USDKZT":333.209991,"USDLAK":8276.700195,"USDLBP":1505.498917,"USDLKR":153.100006,"USDLRD":114.400002,"USDLSL":13.409707,"USDLTL":3.048701,"USDLVL":0.62055,"USDLYD":1.368097,"USDMAD":9.466035,"USDMDL":17.784946,"USDMGA":3185.000194,"USDMKD":51.830002,"USDMMK":1354.000006,"USDMNT":2434.000146,"USDMOP":8.059098,"USDMRO":361.000427,"USDMUR":33.279999,"USDMVR":15.530248,"USDMWK":715.909973,"USDMXN":17.652009,"USDMYR":4.285502,"USDMZN":60.490077,"USDNAD":13.163968,"USDNGN":364.899994,"USDNIO":30.251904,"USDNOK":7.89091,"USDNPR":102.199997,"USDNZD":1.362901,"USDOMR":0.384402,"USDPAB":1,"USDPEN":3.2343,"USDPGK":3.177199,"USDPHP":51.310001,"USDPKR":105.199997,"USDPLN":3.614499,"USDPYG":5571.200195,"USDQAR":3.656102,"USDRON":3.879203,"USDRSD":101.299202,"USDRUB":59.036999,"USDRWF":825.330017,"USDSAR":3.749898,"USDSBD":7.749399,"USDSCR":13.240042,"USDSDG":6.659798,"USDSEK":8.06286,"USDSGD":1.3607,"USDSHP":0.776201,"USDSLL":7500.000023,"USDSOS":559.000384,"USDSRD":7.380291,"USDSTD":20732.800781,"USDSVC":8.750289,"USDSYP":514.97998,"USDSZL":13.162993,"USDTHB":33.220001,"USDTJS":8.808986,"USDTMT":3.4,"USDTND":2.398104,"USDTOP":2.229097,"USDTRY":3.49501,"USDTTD":6.744197,"USDTWD":30.313999,"USDTZS":2231.999723,"USDUAH":25.459999,"USDUGX":3592.000532,"USDUSD":1,"USDUYU":28.639999,"USDUZS":4120.0003,"USDVEF":9.974998,"USDVND":22726,"USDVUV":103.400002,"USDWST":2.515098,"USDXAF":554.659973,"USDXAG":0.058509,"USDXAU":0.000774,"USDXCD":2.705836,"USDXDR":0.709489,"USDXOF":552.640015,"USDXPF":101.370111,"USDYER":249.899994,"USDZAR":13.165014,"USDZMK":9.034982,"USDZMW":8.990184,"USDZWL":322.355011}}